Ana Clara Oliveira,14,3,1990
Bruno Henrique Santos,7,11,1985
Carla Beatriz Mendes,22,7,2000
Diego Augusto Rocha,3,3,1995
Elena Sofia Ferreira,30,1,1988
Fábio Luiz Nunes,14,7,1972
Gisele Aparecida Castro,8,11,2003
Henrique Vaz Pereira,22,7,1999
Isabela Cristina Pinto,19,5,1993
João Pedro Alves,11,9,1980
Kátia Regina Ramos,25,2,1967
Lucas Gabriel Teixeira,16,4,2001
Mariana Lúcia Gomes,5,8,1996
Nelson Eduardo Dias,28,12,1975
Olívia Fernanda Lopes,1,6,2004
Paulo Roberto Barbosa,18,10,1969
Queila Vanessa Santos,9,3,1998
Roberto Carlos Silva,23,1,1983
Sara Vitória Moura,12,9,2002
Tiago Alexandre Freitas,6,4,1991
Úrsula Beatriz Costa,17,11,1987
Vítor Miguel Melo,29,8,1994
Wanda Cecília Cunha,4,2,1971
Xênia Paola Borges,21,6,2005
Yago Rafael Pires,13,10,1997
Zara Ingrid Monteiro,27,7,1984
Alexandre Bruno Cruz,2,5,1979
Beatriz Helena Araujo,10,12,2000
César Antônio Tavares,15,3,1992
Daniela Simone Braga,20,9,1986
Eduardo Marcelo Lima,8,1,2006
Fernanda Patrícia Sousa,24,4,1973
Gustavo Henrique Ribeiro,11,8,1989
Helena Vanessa Martins,3,7,1977
Igor Thiago Cardoso,26,11,2003
Juliana Renata Correia,7,2,1995
Kevin Davi Nascimento,18,5,2008
Larissa Tatiana Vieira,30,10,1981
Marcos Fábio Azevedo,9,6,1968
Natalia Priscila Campos,16,3,2001
Otávio Sérgio Rezende,22,12,1990
Patrícia Ângela Figueiredo,5,9,1976
Quinton Leandro Moreira,14,4,1999
Rafaela Jéssica Coelho,28,1,2004
Samuel Vinícius Machado,19,7,1993
Tatiana Mônica Cavalcante,1,11,1982
Ubirajara Sólon Freitas,11,6,1965
Valentina Lorena Guimarães,23,8,2007
Wellington Caio Leal,6,3,1997
Yasmin Débora Andrade,17,10,1988
Adriano César Brito,25,2,1974
Bianca Letícia Queiroz,8,5,2002
Cláudio Renato Pessoa,13,9,1979
Débora Aline Meireles,20,1,1994
Elias Roberto Lacerda,4,7,2006
Flávia Cristiane Paiva,29,11,1986
Geraldo Luiz Monteiro,10,4,1970
Hanna Yasmine Carvalho,15,6,2003
Ivan Augusto Duarte,2,12,1991
Jéssica Camila Torres,26,3,1984
Kézia Nathalia Branco,7,8,1998
Leonardo Davi Cunha,21,10,2000
Michele Priscila Rocha,12,2,1977
Nícolas Artur Dantas,3,5,1992
Odete Margarida Pires,18,9,1963
Pedro Augusto Leite,24,1,2005
Victor Hugo Rodrigues Guimarães,30,12,2003
Quitéria Lourdes Franco,9,7,1989
Nicolas Bomfim Dias Bandeira,5,9,2003
Rodrigo Sandro Neves,16,11,1982
Sílvia Adriana Marques,27,4,1975
Thiago Fabrício Barros,6,6,1996
Ursula Cláudia Macedo,11,3,2001
Vanderson Fábio Goulart,22,8,1987
Wânia Luciana Matos,5,1,1971
Xavier Mateus Pontes,17,10,2009
Yara Nadine Carneiro,28,5,1994
Zilda Aparecida Nogueira,1,9,1960
Abner Jaison Bonfim,14,2,1983
Bárbara Elizete Coutinho,19,7,2004
Caio Murilo Borba,3,12,1978
Dayane Letícia Esteves,25,4,1997
Everton Cleiton Faria,10,10,1985
Fabrícia Simone Lira,6,6,2002
Genivaldo Osmar Luz,23,3,1966
Heloísa Tamires Bastos,8,8,1993
Ionã Sandro Araújo,15,1,2007
Jair Welton Viana,30,5,1980
Késia Lorrane Aguiar,11,11,1999
Lauro Gilson Siqueira,21,7,1973
Mayara Letícia Portela,4,4,2005
Nilton César Uchoa,17,9,1988
Olivia Sara Batista,26,2,1976
Plínio Robson Galdino,9,6,1992
Quessia Ariane Assis,2,10,1984
Renata Fabiana Colares,13,3,2000
Sinval Arnaldo Barreto,20,8,1969
Taísa Cármem Leão,7,1,1995
Ulisses Maxwel Prado,28,7,2008
Valéria Simone Rios,16,11,1981
Weslei Cleberson Braz,22,4,1990
Xaiane Priscila Lobo,5,6,2003
